{"_default": {"1": {"name": "Allan", "rating": 1505.0086924001587, "rd": 92.26392857154211, "vol": 0.0600127905844033, "id": 0}, "2": {"name": "Maxim", "rating": 1597.1384188862644, "rd": 84.09298035017592, "vol": 0.06002359356863923, "id": 1}, "3": {"name": "Tony", "rating": 1367.5826585460395, "rd": 86.49287932966837, "vol": 0.059995442753525946, "id": 2}, "4": {"name": "Kyle", "rating": 1679.5434635414017, "rd": 111.63280767428083, "vol": 0.06000108648413835, "id": 3}, "5": {"name": "Tony", "rating": 1453.4912089086167, "rd": 226.94360998390147, "vol": 0.06000352407036742, "id": 4}, "6": {"name": "Josephi", "rating": 1235.6216609336416, "rd": 261.28597596868985, "vol": 0.06000345861859215, "id": 5}, "7": {"name": "Jason", "rating": 1500, "rd": 350, "vol": 0.06, "id": 6}}}